mode,index,selected_sample_id,rmse,ssim
DIFF-SST-SSH,0,10,0.022876207,0.980087829
DIFF-SST-SSH,120,12,0.027942955,0.947319683
DIFF-SST-SSH,240,7,0.045485724,0.963252154
DIFF-SST-SSH-GE,0,6,0.04410461,0.974796889
DIFF-SST-SSH-GE,120,12,0.032519579,0.941911853
DIFF-SST-SSH-GE,240,2,0.052532908,0.954423441
